utm_content,contacts
(no utm_content),85
prospecting_web_lal-existing-customers-conv_b2bconv-ADV[12.3.2026],36
prospecting_web__lal-b2b-conv_b2bconv[24.2.26],16
prospecting_web__lal-existing-customers-conv_b2bconv[2.3.26],11
prospecting_web_broad_broad_auto_BusinessAngles-UK-Offices-Joel-b2bconv[5.1.26],10
prospecting_web_lal-b2b-conv_b2bconv_UK[10.3.2026],7
prospecting_web_lal-existing-customers-conv_b2bconv-RVR[23.3.26],5
Easyplant,4
{{adset.name}},3
test_content,1
Self_Water_Planters,1
prospecting_web_broad_broad_auto_WateringSequence-Take2[7.3.26],1
prospecting_web_broad_broad_auto_SalVO-MentalPet-Ofer[4.10.2025],1
Office_Plants,1
NearMe_Store,1
